{"nodes":{"node:1":{"location":{"x":-30,"y":-34}},"node:6":{"location":{"x":209,"y":6}}},"selection":null,"view":{"scroll":{"x":-314.415740966796875,"y":-271.1142578125},"visible_rect":{"max":{"x":481.675537109375,"y":327.896484375},"min":{"x":-154.13067626953125,"y":-132.903732299804688}},"zoom":2.03992962837219238}}