{"nodes":{"node:1":{"location":{"x":-280,"y":-90}},"node:6":{"location":{"x":100,"y":100}}},"selection":null,"view":{"scroll":{"x":-522.52508544921875,"y":-319.89215087890625},"visible_rect":{"max":{"x":394.47491455078125,"y":291.10784912109375},"min":{"x":-522.52508544921875,"y":-319.89215087890625}},"zoom":1}}