{"nodes":{"node:1":{"location":{"x":-264,"y":-106}},"node:6":{"location":{"x":-62,"y":-90}}},"selection":null,"view":{"scroll":{"x":-541.69146728515625,"y":-188.262680053710938},"visible_rect":{"max":{"x":792.4114990234375,"y":516.983154296875},"min":{"x":-722.25537109375,"y":-251.016937255859375}},"zoom":0.749999940395355225}}