{"nodes":{"node:1":{"location":{"x":-88,"y":-130}},"node:6":{"location":{"x":40,"y":-58}}},"selection":null,"view":{"scroll":{"x":-146.99615478515625,"y":-216.77911376953125},"visible_rect":{"max":{"x":188.00384521484375,"y":172.22088623046875},"min":{"x":-146.99615478515625,"y":-216.77911376953125}},"zoom":1}}