{"nodes":{"node:1":{"location":{"x":-152,"y":-10}},"node:10":{"location":{"x":850,"y":20}},"node:4":{"location":{"x":362,"y":54}},"node:7":{"location":{"x":610,"y":20}}},"selection":null,"view":{"scroll":{"x":-417.9879150390625,"y":-0.628814101219177246},"visible_rect":{"max":{"x":65974.5703125,"y":527.02880859375},"min":{"x":-65345.453125,"y":-98.3046188354492188}},"zoom":0.00639658747240900993}}